{"Automated AC Service":
	{"algorithm_name": "automatedACservice.py",
	 "sensor_type": ["temperature"],
	 "sensor_location": "Building-8357",
	 "cpu_requirement": 0.0,
	 "memory_requirement": 0,
	 "dependencies" : ["pip3 install requests"]
	 },

"Emergency Fire Alarm Service":
	{"algorithm_name": "emergencyFireAlarm.py",
	 "sensor_type": ["temperature"],
	 "sensor_location": "Building-0464",
	 "cpu_requirement": 0.0,
	 "memory_requirement": 0,
	 "dependencies" : ["pip3 install requests"]
	 },

"llegal Access Detection":
	{"algorithm_name": "illegalAccessDetection.py",
	 "sensor_type": ["binary"],
	 "sensor_location": "Building-8357",
	 "cpu_requirement": 0.0,
	 "memory_requirement": 0,
	 "dependencies" : ["pip3 install Pillow"]
	 },

"Classroom Scheduling Service":
	{"algorithm_name": "classroomScheduling.py",
	 "sensor_type": ["numeric"],
	 "sensor_location": "Room-634",
	 "cpu_requirement": 0.0,
	 "memory_requirement": 0,
	 "dependencies" : ["pip3 install requests"]
	 }
	}
